https://aws-tiqets-cdn.imgix.net/images/content/1e74453a4d2c45f9becb39add27f2dff.jpg?auto=format&fit=crop&ixlib=python-1.1.2&q=25&s=b720cbf5ab86e1786ee7bd2a6b4f26be&w=400&h=320&dpr=2.625,,,,,,,,
https://www.kitano.com/resourcefiles/snippet-main-img/empire-state-building-in-new-york-top.jpg,,,,,,,,
https://images.musement.com/cover/0002/80/thumb_179920_cover_header.png?w=1200&h=630&q=60&fit=crop,,,,,,,,
https://lookaside.fbsbx.com/lookaside/crawler/media/?media_id=153817204635459,,,,,,,,
https://aws-tiqets-cdn.imgix.net/images/content/cca6a94da73f40bf8e83012b21fd4226.jpg?auto=format&fit=crop&ixlib=python-1.1.2&q=25&s=e4570998813b2c0a5dfec3b178cd3d45&w=400&h=320&dpr=2.625,,,,,,,,
https://untappedcities-wpengine.netdna-ssl.com/wp-content/uploads/2015/07/Flatiron-Building-Secrets-Roof-Basement-Elevator-Sonny-Atis-GFP-NYC_5.jpg,,,,,,,,
https://media.tacdn.com/media/attractions-splice-spp-674x446/06/71/33/e6.jpg,,,,,,,,
https://loving-newyork.com/wp-content/uploads/2018/09/Empire-State-Building-NYC_160914155540006-1920x960.jpg,,,,,,,,
https://thenypost.files.wordpress.com/2018/03/shutterstock_273724124.jpg?quality=90&strip=all&w=618&h=410&crop=1,,,,,,,,
https://www.smartdestinations.com/img/pt/dest/Nyc/att/Nyc_Att_Empire_State_Building_Observatory/gallery/Empire-State-Building-Observatory-1.jpg,,,,,,,,
https://newyorkyimby.com/wp-content/uploads/2017/12/View-of-the-Empire-State-Building-image-by-Andrew-Campbell-Nelson.jpg,,,,,,,,
https://media.treehugger.com/assets/images/2015/06/esb-1.jpg,,,,,,,,
https://imgs.6sqft.com/wp-content/uploads/2018/02/02104706/Empire-State-Building-e1517586435720.jpg,,,,,,,,
https://www.tripsavvy.com/thmb/n6u1EsL5znEZGZMqANhzAiUvp48=/960x0/filters:no_upscale():max_bytes(150000):strip_icc()/empire-state-building-at-sunset-171080501-59f9d0c6d088c000102668bb.jpg,,,,,,,,
https://broadway.showtickets.com/cdn/site/1_8.jpg,,,,,,,,
https://static01.nyt.com/images/2019/01/19/nyregion/19tower1/19tower1-articleLarge.jpg?quality=75&auto=webp&disable=upscale,,,,,,,,
https://www.newyorksightseeing.com/media/catalog/product/cache/29/thumbnail/9df78eab33525d08d6e5fb8d27136e95/e/m/emprie_state_building_6.jpg,,,,,,,,
https://www.tripsavvy.com/thmb/v3JlxKVMt9PMlxx7LGzcp3hIMX0=/960x0/filters:no_upscale():max_bytes(150000):strip_icc()/GettyImages-495829839-596274df5f9b583f180d44fa.jpg,,,,,,,,
https://www.antennainternational.com/wp-content/uploads/2017/09/Empire-State-Building-uai-2064x1376-1024x683.jpg,,,,,,,,
https://assets.simpleviewinc.com/simpleview/image/fetch/q_75/https://assets.simpleviewinc.com/simpleview/image/upload/crm/newyorkstate/empire-state-building-observatory-silver-majesty-3000x2000_7c64ae64-cc86-34e6-7ab065404a50828f.jpg,,,,,,,,
https://www.esbnyc.com/sites/default/files/default_images/brs_0330.jpg,,,,,,,,
https://www.esbnyc.com/sites/default/files/explore-esb_0.jpg,,,,,,,,
https://images.musement.com/cover/0002/94/ny-skyline-with-empire-state-building-xxl-jpg_header-193949.jpeg?&q=60&fit=crop&lossless=true&auto=format&w=412&h=250,,,,,,,,
http://www.empirestaterealtytrust.com/images/hero/home/empire-state-building.jpg,,,,,,,,
https://mondrian.mashable.com/uploads%252Fcard%252Fimage%252F538359%252Fdd479651-eb9e-42d9-be03-de7f89707c9e.jpg%252F950x534__filters%253Aquality%252890%2529.jpg?signature=ys2ZFprcqTFgw1cWrFXAIeMy5iM=&source=https%3A%2F%2Fblueprint-api-production.s3.amazonaws.com,,,,,,,,
https://guideandgo.com/image/cache/catalog/new-york/products/main-deck-ticket-empire-state-building/empire-state-building-3-1000x1000.jpg,,,,,,,,
https://s7.orientaltrading.com/is/image/OrientalTrading/20083?$PDP_VIEWER_IMAGE$,,,,,,,,
https://static.reservedirect.com/media/product/gallery/539/The_Empire_State_Building_Experience_(1001).jpg,,,,,,,,
https://www.colorkinetics.com/b-dam/color-kinetics/showcases/empire-state-building/empire-state-building1_lg.jpg,,,,,,,,
https://cdn.traveltripper.io/site-assets/32_680_3554/media/2017-05-30-053636/attraction-7.jpg,,,,,,,,
https://upload.wikimedia.org/wikipedia/commons/thumb/c/c7/Empire_State_Building_from_the_Top_of_the_Rock.jpg/245px-Empire_State_Building_from_the_Top_of_the_Rock.jpg,,,,,,,,
https://www.newyorksightseeing.com/media/catalog/product/cache/29/image/9df78eab33525d08d6e5fb8d27136e95/n/y/nyss1.jpg,,,,,,,,
https://images-na.ssl-images-amazon.com/images/I/710dLZ6RESL._SY879_.jpg,,,,,,,,
https://cdn.shopify.com/s/files/1/2958/2352/products/WEB---EMPIRE-STATE-BUILDING_1001x1409.jpg?v=1551363691,,,,,,,,
https://i.ytimg.com/vi/yjTfJiHos_s/maxresdefault.jpg,,,,,,,,
https://www.snopes.com/tachyon/2016/09/26980567270_2390173959_k.jpg?resize=865,,,,,,,,
https://images.unsplash.com/photo-1502104034360-73176bb1e92e?ixlib=rb-1.2.1&ixid=eyJhcHBfaWQiOjEyMDd9&w=1000&q=80,,,,,,,,
https://cdn.getyourguide.com/img/tour_img-1738639-146.jpg,,,,,,,,
https://media.timeout.com/images/105305368/630/472/image.jpg,,,,,,,,
https://secretnyc.co/wp-content/uploads/2018/10/architecture-city-empire-state-building-262412.jpg,,,,,,,,
https://cdn.vox-cdn.com/thumbor/Vm6rwQ89NExAS8efxoro0p1p6CE=/0x0:2500x1875/1200x800/filters:focal(1050x738:1450x1138)/cdn.vox-cdn.com/uploads/chorus_image/image/57203281/empire_state_building.0.jpg,,,,,,,,
https://imagesvc.meredithcorp.io/v3/mm/image?url=https%3A%2F%2Fcdn-image.travelandleisure.com%2Fsites%2Fdefault%2Ffiles%2Fstyles%2F1600x1000%2Fpublic%2F1520371011%2Fempire-state-building-STAYHERE0318.jpg%3Fitok%3DTYP-TXkS&w=400&c=sc&poi=face&q=85,,,,,,,,
https://www.multivu.com/players/English/8247151-empire-state-building-world-cup-2018/image/Brazil_1528122339313-5-HR.jpg,,,,,,,,
https://image.posterlounge.com/img/products/660000/652797/652797_poster_l.jpg,,,,,,,,
https://upload.wikimedia.org/wikipedia/commons/1/10/Empire_State_Building_%28aerial_view%29.jpg,,,,,,,,
https://www.designcuts.com/wp-content/uploads/2018/12/View-Of-Manhattan-Skyline-From-The-Empire-State-Builing-New-York.jpg,,,,,,,,
https://newyorkyimby.com/wp-content/uploads/2018/08/Model-of-the-two-story-Empire-State-Building-and-the-grand-staircase-image-by-Evan-Joseph-777x518.jpg,,,,,,,,
https://www.new-york-city-travel-tips.com/wp-content/uploads/2016/07/DSC01820-Copier.jpg,,,,,,,,
https://www.enr.com/ext/resources/Issues/National_Issues/2017/06-June/06-12/Empire_State_Building_spire.jpg?height=635&t=1496855678&width=1200,,,,,,,,
https://www.nycinsiderguide.com/wp-content/uploads/2018/12/empire-state-building-nyc.jpg,,,,,,,,
https://metrosource.com/worldprideguide/wp-content/uploads/2019/03/Rainbow_ESB-725x475.jpg,,,,,,,,
https://www.metalearth.com/content/images/thumbs/0002207_iconx-empire-state-building_600.png,,,,,,,,
https://www.researchgate.net/profile/Henry_Foley/publication/233674920/figure/fig1/AS:300016284520463@1448540864755/Empire-State-Building-The-Empire-State-Building-design-is-a-registered-trademark-and-is.png,,,,,,,,
https://www.thelightingpractice.com/wp-content/uploads/2016/08/ESB-Tower-4-2600x1734.jpg,,,,,,,,
https://www.nycgo.com/images/venues/971/empire-state-building-observatory-ctc-7009-3000x2000__x_large.jpg,,,,,,,,
https://www.enewser.com/wp-content/uploads/2017/10/GettyImages-480218741.jpg,,,,,,,,
https://cdn-imgix.headout.com/tour/724/TOUR-IMAGE/42c90752-9142-4e81-97ea-f86bba64081b-593-new-york-skip-the-line-empire-state-building-observatory-01.jpg?auto=compress&w=768&h=480&fit=min,,,,,,,,
https://imagesvc.meredithcorp.io/v3/mm/image?url=https%3A%2F%2Fpeopledotcom.files.wordpress.com%2F2019%2F05%2Fempire-state-building-running-4.jpg&w=400&c=sc&poi=face&q=85,,,,,,,,
https://cdn.bisnow.net/fit?height=489&type=jpeg&url=https%3A%2F%2Fs3.amazonaws.com%2Fcdn.bisnow.net%2Fcontent%2Fimages%2F2015%2F12%2F74270_1432143532_Bisnow5-20-15Looking_Up_at_Empire_State_Building-large.jpg&width=717&sign=BBH4dU9w9CLV1vt0Rw5TxU1amF8qC75zxhLFeL0o3jg,,,,,,,,
https://mondrian.mashable.com/uploads%252Fcard%252Fimage%252F859278%252Fda9c9f23-a7dd-4c7f-8847-5963adea6b31.jpg%252F950x534__filters%253Aquality%252890%2529.jpg?signature=ep78VWTjmQ6itqsJkier9qSDMus=&source=https%3A%2F%2Fblueprint-api-production.s3.amazonaws.com,,,,,,,,
https://www.attraction-tickets-direct.co.uk/sites/default/files/imagecache/atd_list_thumb_med/ticket_description/iconic_new_york/iconic_new_york.jpg,,,,,,,,
https://images.pexels.com/photos/2190283/pexels-photo-2190283.jpeg?cs=srgb&dl=architecture-buildings-city-2190283.jpg&fm=jpg,,,,,,,,
https://cdn.artphotolimited.com/images/5805227412eeb3002fbce016/1000x1000/empire-state-building-by-night-new-york.jpg,,,,,,,,
http://www.aviewoncities.com/img/nyc/kveus5494s.jpg,,,,,,,,
https://a57.foxnews.com/a57.foxnews.com/static.foxnews.com/foxnews.com/content/uploads/2018/09/640/320/1862/1048/empire-state-building.jpg?ve=1&tl=1?ve=1&tl=1,,,,,,,,
https://images-na.ssl-images-amazon.com/images/I/71ju1gA0A5L._SY679_.jpg,,,,,,,,
https://media.ticmate.com/resources/ticmate_live/upload/Empire_State_Building_Stormy_Weather.jpg,,,,,,,,
https://cdn.traveltripper.io/site-assets/426_558_1159/media/2017-01-05-235650/empire.jpg,,,,,,,,
https://previews.123rf.com/images/ai825/ai8251701/ai825170100700/73163577-coin-operated-binoculars-on-top-of-the-rock-against-empire-state-building-%E2%80%93-manhattan-nyc.jpg,,,,,,,,
https://media.cntraveler.com/photos/53da4bf36dec627b149e1bd1/4:5/w_767,c_limit/tallest-buildings-empire-state-building-new-york.jpg,,,,,,,
https://ssl-static-images.ravensburger.de/images/produktseiten/1024/12566_5.jpg,,,,,,,,
https://cdn.getyourguide.com/img/tour_img-1739965-148.jpg,,,,,,,,
https://thecitypaperbogota.com/wp-content/uploads/2018/06/col2-1.jpg,,,,,,,,
https://cdn-imgix.headout.com/tour/14372/TOUR-IMAGE/d7f4da40-27e3-473b-bb5e-bae3ddc440db-7875-new-york-city-empire-state-building-observatory-am-pm-experience-01.jpg,,,,,,,,
https://cdn.geekwire.com/wp-content/uploads/2018/11/Screen-Shot-2018-11-13-at-3.25.41-PM.png,,,,,,,,
https://www.enr.com/ext/resources/Issues/National_Issues/2017/06-June/06-12/Empire_State_Building_spire.jpg,,,,,,,,
https://lookaside.fbsbx.com/lookaside/crawler/media/?media_id=2630513396965815,,,,,,,,
https://d2v9y0dukr6mq2.cloudfront.net/video/thumbnail/7wfbAwq/aerial-illuminated-view-empire-state-building-observation-deck-new-york-usa_v1lckhud1l__F0000.png,,,,,,,,
https://s20967.pcdn.co/wp-content/uploads/2017/09/Empire_State_Building_green_2017.jpg,,,,,,,,
https://www.newyorkcity.ca/wp-content/uploads/2013/02/Empire-State-Building-Tickets-View-Downtown-Manhattan.jpg,,,,,,,,
https://res.klook.com/images/fl_lossy.progressive,q_65/c_fill,w_1200,h_630,f_auto/w_80,x_15,y_15,g_south_west,l_klook_water/activities/i25frl3wwh57gpav9oxd/EmpireStateBuildingAdmission.jpg
https://cms.qz.com/wp-content/uploads/2017/05/empire-state-building-2017-e1495443159245.jpg?quality=75&strip=all&w=410&h=232,,,,,,,,
https://www.multivu.com/players/English/8247151-empire-state-building-world-cup-2018/image/Germany_1528122596863-25-HR.jpg,,,,,,,,
https://lonelyplanetimages.imgix.net/mastheads/stock-photo-new-york-city-manhattan-100424161.jpg,,,,,,,,
https://images.adsttc.com/media/images/5576/ecae/e58e/cef4/6900/0105/large_jpg/PlanB-ESB-skyline_50346.jpg?1433857184,,,,,,,,
https://cdn.aarp.net/content/dam/aarp/travel/local-getaways/2017/10/1140-american-skyscrapers-empire-state-building-new-york.imgcache.rev2d831da34f140a8978d8f604f8fbb7c9.jpg,,,,,,,,
https://www.worldatlas.com/r/w728-h425-c728x425/upload/58/9c/6d/shutterstock-118480225.jpg,,,,,,,,
http://static1.squarespace.com/static/5813cddb8419c25c3b42eacd/5813e156414fb51499dfe55c/5816742f197aea6c5f18a339/1477866556768/319.jpg,,,,,,,,
http://www.tripindicator.com/images/facts/new-york/empire-state.jpg,,,,,,,,
https://cdn.pixabay.com/photo/2015/11/07/11/38/empire-state-building-1031341_960_720.jpg,,,,,,,,
https://cdn.artphotolimited.com/images/5805227412eeb3002fbce016/1000x1000/empire-state-building-et-one-world-trade-center-by-night.jpg,,,,,,,,
https://static01.nyt.com/images/2010/08/26/nyregion/subjpempire/subjpempire-jumbo.jpg,,,,,,,,
http://images.nymag.com/listings/attraction/venue-167.jpg,,,,,,,,
https://cdn7.dissolve.com/p/D246_38_095/D246_38_095_1200.jpg,,,,,,,,
https://thenypost.files.wordpress.com/2018/07/empire-state-building.jpg?quality=90&strip=all&w=618&h=410&crop=1,,,,,,,,
https://media.tacdn.com/media/attractions-splice-spp-674x446/07/36/48/20.jpg,,,,,,,,
https://www.danaberez.com/wp-content/uploads/2019/02/Empire-State-Building-Photo-locations-Best-NYC-Instagram-Spots-Dana-Berez-Rockefeller-Center.2-1440x2160.jpg,,,,,,,,
https://travel.usnews.com/dims4/USNEWS/fb2edd2/2147483647/resize/255x255%5E%3E/crop/255x255/quality/85/?url=/static-travel/images/destinations/44/empire_state_building_getty_zsolt_hlinka.jpg,,,,,,,,
https://vignette.wikia.nocookie.net/thunderbirds/images/3/30/Tiny408.png/revision/latest?cb=20150722215943,,,,,,,,
http://www.msnbc.com/sites/msnbc/files/styles/embedded_image/public/rtx1mpag.jpg?itok=z_qPE45a,,,,,,,,
http://www.abitare.it/wp-content/uploads/2017/09/04-empire-state-building-facade-p-630x472.jpg,,,,,,,,
https://hips.hearstapps.com/hbz.h-cdn.co/assets/17/16/2560x1280/landscape-1492721399-hbz-index2.jpg?resize=480:*,,,,,,,,
http://static1.squarespace.com/static/5813cddb8419c25c3b42eacd/5813e156414fb51499dfe55c/5816742f197aea6c5f18a339/1477866556768/319.jpg,,,,,,,,
https://i.ytimg.com/vi/mQBLxSJ-jEg/maxresdefault.jpg,,,,,,,,
http://www.libertyharborrv.com/uploads/empire.gif,,,,,,,,
https://wset.com/resources/media/52e2c08d-19b3-4a1d-93e7-2c768e415c99-large16x9_EmpireStateBuildingUVA.jpg?1554493914101,,,,,,,,
https://previews.123rf.com/images/ai825/ai8251701/ai825170100688/73593551-new-york-city-skyline-midtown-and-empire-state-building-view-from-rockefeller-center.jpg,,,,,,,,
https://www.nycgo.com/images/venues/971/empire-state-building-observatory-moonlight-3000x2000__x_large.jpg,,,,,,,,
https://www.esbnyc.com/sites/default/files/empire_state_building_entrance.jpg,,,,,,,,
https://static01.nyt.com/images/2010/08/26/nyregion/subjpempire/subjpempire-jumbo.jpg,,,,,,,,
https://static.turbosquid.com/Preview/001170/835/B7/empire-state-building-3D-model_0.jpg,,,,,,,,
http://static1.squarespace.com/static/5813cddb8419c25c3b42eacd/5813e156414fb51499dfe55c/5816892144024385b4ef5aa3/1477871972831/Screen+Shot+2016-10-30+at+4.58.03+PM.png,,,,,,,,
https://www.thelightingpractice.com/wp-content/uploads/2016/08/ESB-Tower-4-2600x1734.jpg,,,,,,,,
https://allthatsinteresting.com/wordpress/wp-content/uploads/2018/05/adams-esb.jpg,,,,,,,,
https://cdn-images-1.medium.com/max/1600/0*qMViFuB1CBSIexda.jpg,,,,,,,,
https://media.tacdn.com/media/attractions-splice-spp-674x446/07/36/48/20.jpg,,,,,,,,
https://res.cloudinary.com/www-virgin-com/w_400,c_scale,dpr_3.0,f_auto,fl_lossy,q_auto/virgin-com-prod/sites/virgin.com/files/gettyimages-584714362.jpg,,,
https://travel.usnews.com/static-travel/images/destinations/44/empire_state_building_getty_zsolt_hlinka.jpg,,,,,,,,
https://archerhotel.com/blog/wp-content/uploads/2017/07/empire-state-960x640-720x480.jpg,,,,,,,,
https://media.timeout.com/images/105170971/630/472/image.jpg,,,,,,,,
https://www.snopes.com/tachyon/2016/09/26980567270_2390173959_k.jpg?resize=865,452,,,,,,,
https://cbssanfran.files.wordpress.com/2018/11/empire-state-building-ca-colors.jpg?w=1024,,,,,,,,
https://lounge.placepass.com/wp-content/uploads/2017/07/IMG_0946.jpg,,,,,,,,
https://i.dailymail.co.uk/i/pix/2016/12/24/23/3B9EBDED00000578-0-image-a-23_1482623869988.jpg,,,,,,,,
https://img.etimg.com/thumb/msid-65420651,width-640,resizemode-4,imgsize-51270/empire-state-building-in-new-york.jpg,,,,,
https://www.baruch.cuny.edu/nycdata/disasters/images/empire_state-1945.jpg,,,,,,,,
https://d21xlh2maitm24.cloudfront.net/nyc/empire-state-building-2.jpg?mtime=20160513151537,,,,,,,,
https://go.nearmap.com/hubfs/oblique-views/oblique-view-empire-state-building_new-york-ny_2018-04-09.jpg,,,,,,,,
http://www.msnbc.com/sites/msnbc/files/styles/embedded_image/public/rtx1mpag.jpg?itok=z_qPE45a,,,,,,,,
https://imgc.allpostersimages.com/img/print/u-g-F5BCOE0.jpg?w=550&h=550&p=0,,,,,,,,
https://eeas.europa.eu/sites/eeas/files/2019/05/10/190509_empire_state_building_europeday_esb_mg_0112-2.jpg,,,,,,,,
http://www.orangesmile.com/extreme/img/main/empire-state-building_2.jpg,,,,,,,,
https://artiks.co.uk/media/catalog/product/cache/a968b8ec7c08ac24e51e551c9f1868e7/l/a/6042/8576/nyc-empire-state-building-poster.jpg,,,,,,,,
https://img.posterlounge.co.uk/img/products/640000/637111/637111_poster_l.jpg,,,,,,,,
https://www.smartdestinations.com/blog/wp-content/uploads/Empire-State-Building-vs-The-Shard.png,,,,,,,,
http://blog.newyorkpass.com/wp-content/uploads/2017/12/@javan-Empire-State-Building.png,,,,,,,,
https://loving-newyork.com/wp-content/uploads/2018/08/empire-state-building-facts-170315165740143-1600x960.jpg,,,,,,,,
https://imgs.6sqft.com/wp-content/uploads/2018/03/20104457/Empire-State-Building-Light-Show.gif,,,,,,,,
https://media.architecturaldigest.com/photos/57977923b6c434ab487bc08d/16:9/w_1280,c_limit/watch-empire-state-building-struck-lighting-01.jpg,,,,,,,
https://www.enr.com/ext/resources/Issues/National_Issues/2017/06-June/06-12/ESB-Aerial-10_ENRready.jpg,,,,,,,,
http://mg-architecture.ca/wp-content/uploads/2016/08/MGA_Empire-State-of-Wood-Ext-02-1600x7601-1357x760.jpg,,,,,,,,
https://pbs.twimg.com/profile_images/596131343420891137/664idCpV.jpg,,,,,,,,
https://aws-tiqets-cdn.imgix.net/images/content/24b670decd504e7a8503c8ec1f4f4e67.jpg?auto=format&fit=crop&ixlib=python-1.1.2&q=25&s=2e7d92cd1326db5c07792ae8dcd08917&w=400&h=320&dpr=2.625,,,,,,,,
http://www.industrytap.com/wp-content/uploads/2016/08/Empire-State-building.jpg,,,,,,,,
https://img.grouponcdn.com/deal/mkXDkv94N7Phcfxvtrhw/Y7-2048x1229/v1/c700x420.jpg,,,,,,,,
http://img.lumas.de/showimg_rwo03_620_440.jpg,,,,,,,,
https://www.gannett-cdn.com/-mm-/8d0ed8ca1fe0ee74e4293ff108a881dc228d2fdc/c=0-24-3000-1720/local/-/media/USATODAY/USATODAY/2013/10/02/1380738953000-GTY-138913014.jpg?width=3200&height=1680&fit=crop,,,,,,,,
https://static.posters.cz/image/1300/fototapety/henri-silberman-empire-state-building-i25275.jpg,,,,,,,,
https://www.elementaconsulting.com/wp-content/uploads/2016/07/Empire-State-1200x500.jpg,,,,,,,,
https://inhabitat.com/wp-content/blogs.dir/1/files/2015/06/Metsa-Wood-Empire-State-Building5-889x779.jpg,,,,,,,,
https://www.mediaplaynews.com/wp-content/uploads/2018/06/Sleepless1.jpg,,,,,,,,
http://obscuradigital.com/wp-content/uploads/2017/04/CE4A3622.jpg,,,,,,,,
https://static.greatbigcanvas.com/images/singlecanvas_thick_none/jon-arnold-images/new-york-city-empire-state-building-and-midtown-manhattan-skyline,2396678.jpg?max=1000,,,,,,,
https://static01.nyt.com/images/2013/07/06/nyregion/06empire-web/06empire-web-articleLarge.jpg?quality=75&auto=webp&disable=upscale,,,,,,,,
http://videos.usatoday.net/Brightcove2/29906170001/2016/07/29906170001_5050901727001_5050874725001-vs.jpg?pubId=29906170001,,,,,,,,
https://www.new-york-city-travel-tips.com/wp-content/uploads/2015/05/Empire-State-Building-BPVNY-NYCTT-MPVNY-2.jpg,,,,,,,,
https://www.esbnyc.com/sites/default/files/empire_state_building_murals.jpg,,,,,,,,
https://cdn.abcotvs.com/dip/images/5254481_041619-wabc-nyc-honors-france-img.jpg?w=1280&r=16%3A9,,,,,,,,
https://media.npr.org/assets/img/2016/05/06/gettyimages-160005767_wide-2ebddd3c06f6f53ee9dfd9a28b2378ed954ea792-s800-c85.jpg,,,,,,,,
https://assets.harlemspirituals.com/fourd/hsn-img4D/empire-state-building-skyline-900x435.jpg,,,,,,,,
https://fsmedia.imgix.net/71/af/f5/ff/3574/42f6/9b3c/5b955e60ccd0/the-empire-state-building-is-orange-for-halloween.png?rect=0%2C0%2C2790%2C1394&auto=format%2Ccompress&dpr=2&w=650,,,,,,,,
https://res.cloudinary.com/spothero/image/upload/c_fill,dpr_1.0,f_auto,fl_progressive,h_200,q_50,w_284/hgw8xdasjeyehh16tkna,,
http://www.emporis.com/images/show/952586-Large-empire-state-building-new-york-city-ny-usa-usa-exterior-lookingup.jpg,,,,,,,,
https://cdn.vox-cdn.com/thumbor/7uEal5DWvcv2OmlQKI9Li0qIsrU=/0x0:5184x3456/1200x675/filters:focal(2178x1314:3006x2142)/cdn.vox-cdn.com/uploads/chorus_image/image/61441449/Tiger.0.0.1438539588.0.png,,,,,,,,
https://www.airfrance.co.uk/GB/common/common/img/tbaf/news/NYC/l-empire-state-building-l-un-des-gratte-ciel-les-plus-emblematiques/NYC-l-empire-state-building-l-un-des-gratte-ciel-les-plus-emblematiques-2_1-1024x512.jpg,,,,,,,,
https://static.boredpanda.com/blog/wp-content/uploads/2015/08/empire-state-projection-endangered-animals-nyc-fb1__700.jpg,,,,,,,,
https://cdn7.dissolve.com/p/D246_38_095/D246_38_095_1200.jpg,,,,,,,,
https://cdn.cnn.com/cnnnext/dam/assets/161108210322-01-empire-state-building-1108-large-169.jpg,,,,,,,,
http://travelercorner.com/wp-content/uploads/2016/04/Empire-State-Building.jpg,,,,,,,,
https://ideascdn.lego.com/community/lego_ci/projects/003/fef/146228/2541621-o_1amrlrldj31do1p1bribsf1dg6e-thumbnail-full.jpg,,,,,,,,
https://img.peerspace.com/image/upload/c_crop,g_custom/g_auto,c_fill,q_auto:eco,f_auto,fl_progressive:steep,w_1200,h_495/qq364bhjkekbylrtud5k,
https://www.ripleys.com/wp-content/uploads/2018/06/penny-drop-thumb.jpg,,,,,,,,
https://www.enr.com/ext/resources/Issues/National_Issues/2017/06-June/06-12/Timothy-Schenck-Photography-ESB-DSC_4056_ENRready.jpg,,,,,,,,
https://d2xpeceo701ble.cloudfront.net/state-grill-and-bar/~/media/images/state-grill-and-bar/packages/statepackagesheader1200.jpg?vs=1&d=20170728T170342Z,,,,,,,,
https://www.history.com/.image/ar_16:9%2Cc_fill%2Ccs_srgb%2Cfl_progressive%2Cg_faces:center%2Cq_auto:good%2Cw_620/MTU3ODc3NjU4ODg5MTY4MjAx/developing-the-empire-state-building.jpg,,,,,,,,
https://www.newyorkcity.ca/wp-content/uploads/2013/02/Empire-State-Building-Tickets-View-Uptown-Manhattan.jpg,,,,,,,,
http://6tocelebrate.org/wp-content/uploads/2014/08/Empire-State-Building-1.jpg,,,,,,,,
https://media2.s-nbcnews.com/i/newscms/2015_31/1152641/150802-empire-state-building-jsw-1242p_600ae79d259f44bacdc1e00f1907d47c.jpg,,,,,,,,
https://archinect.imgix.net/uploads/ag/agkdx7vfhbgjrlfj.jpg?auto=compress%2Cformat,,,,,,,,
https://fortunedotcom.files.wordpress.com/2016/11/empire-state-building-election-2016-new-york-rtx2sn8q.jpg,,,,,,,,
https://q-fa.bstatic.com/xdata/images/xphoto/500x375/45611237.jpg?k=b29291454c651c2beed22b00bca91f0c59c9648207ee4a3f168415b1cc169ba0&o=,,,,,,,,
https://banyanhill.com/wp-content/uploads/2017/02/empire-state.jpg,,,,,,,,
https://cdn.getyourguide.com/niwziy2l9cvz/4ZaPCZlkQM4k6K6WyWkAoc/23d882f7086e427b9c444fc147d48d1a/new-york-Streets-of-the-Flatiron-District-1500x850.jpg,,,,,,,,
http://top100people.club/club/wp-content/uploads/2016/04/Empire-State-Building-may-1-top-100.jpg,,,,,,,,
https://images.unsplash.com/photo-1501455798972-e374108fa04f?ixlib=rb-1.2.1&ixid=eyJhcHBfaWQiOjEyMDd9&w=1000&q=80,,,,,,,,
https://static.turbosquid.com/Preview/2016/03/19__06_07_36/Empire_state_building_render_02.jpg3cabe5d4-430e-4e4f-91b9-d24137b194a7Original.jpg,,,,,,,,
https://img1.cgtrader.com/items/672893/13340fd21c/large/empire-state-building-new-york-3d-model-obj-3ds-fbx-c4d-dae.jpg,,,,,,,,
https://www.popphoto.com/resizer/HbYPgR7P4wyhOz2h3hWQ43V25Us=/1000x667/arc-anglerfish-arc2-prod-bonnier.s3.amazonaws.com/public/KACTYUM5GDKC3ZCTHT4WDSF3PI.jpg,,,,,,,,
https://cdn.shopify.com/s/files/1/0078/2472/products/NYC_EMPIRE_STATE_vintage_poster_11x17.jpg?v=1428498715,,,,,,,,
https://fsmedia.imgix.net/ff/f7/89/d3/92c0/4087/98b6/f917b72652bb/ctu05nau8aa21ep.jpeg?rect=0%2C47%2C600%2C300&auto=format%2Ccompress&dpr=2&w=600,,,,,,,,
https://imgs.6sqft.com/wp-content/uploads/2018/08/22132231/Empire-State-Building-Observatory-Entrance-8.jpg,,,,,,,,
https://i.guim.co.uk/img/static/sys-images/Guardian/Pix/pictures/2010/7/26/1280184132277/Empire-State-Building-and-001.jpg?width=300&quality=85&auto=format&fit=max&s=14488742dc5e72489a25261bb345089d,,,,,,,,
http://cdnsecakmi.kaltura.com/p/537811/sp/53781100/thumbnail/entry_id/0_c7q3ow7s/version/100071/width/404/height/227,,,,,,,,
https://sightseeingscientist.com/wp-content/uploads/2018/06/ESB20.jpg,,,,,,,,
https://pixelbossmedia.com/wp-content/uploads/2017/08/empire-state-building-midtown-manhattan-new-york-city-skyline-bruce-getty-watermark.jpg,,,,,,,,
https://thegate.boardingarea.com/wp-content/uploads/2018/10/06_Posmodern-Empire-State-Building.jpg,,,,,,,,
https://media.timeout.com/images/103957250/630/472/image.jpg,,,,,,,,
https://www.chambershotel.com/resources/themes/chamber/assets/assets/img/empire-state-building-at-new-york-top.jpg,,,,,,,,
https://amp.businessinsider.com/images/58228c6b46e27a6e5a8b4ca6-750-562.jpg,,,,,,,,
http://www.multivu.com/players/English/8247151-empire-state-building-world-cup-2018/video/EmpireStatecolors_1528122085317-1-HR.jpg,,,,,,,,
https://www.lempertz.com/uploads/tx_lempertzproject/Lempertz-1012-51-Photography-Andreas-Feininger-Empire-State-Building-Ne.jpg,,,,,,,,
https://cdn7.dissolve.com/p/D246_38_095/D246_38_095_1200.jpg,,,,,,,,
https://img.theculturetrip.com/768x432/wp-content/uploads/2019/04/hw15ww.jpg,,,,,,,,
https://archerhotel.com/blog/wp-content/uploads/2017/07/RWB-Aerial-e1499953620908.jpg,,,,,,,,
https://www.nydailynews.com/resizer/WgzwORE4YDIOQ3P3B7b7v6vt_mI=/800x0/arc-anglerfish-arc2-prod-tronc.s3.amazonaws.com/public/TVEGYHLIKW5I3DL7YZHIKTOJNI.jpg,,,,,,,,
https://cdn.shopify.com/s/files/1/0543/2189/products/LON92966_web_2048x.jpg?v=1489604103,,,,,,,,
https://media.tacdn.com/media/attractions-splice-spp-674x446/07/36/48/20.jpg,,,,,,,,
https://www.designcuts.com/wp-content/uploads/2018/12/Manhattan-Skyline-From-The-Empire-State-Builing-New-York-At-Sunset-4.jpg,,,,,,,,
https://static.independent.co.uk/s3fs-public/thumbnails/image/2019/04/17/08/french-flag-newyork2.jpg?w968h681,,,,,,,,
https://cf-r.365ticketsglobal.com/resized/486x324/232-empire_state_building.jpg,,,,,,,,
https://imgc.allpostersimages.com/img/print/posters/philippe-hugonnard-lifestyle-instant-skyline-empire-state-building-manhattan-black-and-white-photography-nyc-us_a-G-10268560-4990623.jpg,,,,,,,,
https://blogbox.indianeagle.com/wp-content/uploads/2016/09/Empire-State-Building-Offers-Sunrise-Experience-in-New-York-City.jpg,,,,,,,,
https://s.abcnews.com/images/US/HT_empire_state_building_weddings_jt_160214_12x5_992.jpg,,,,,,,,
https://thumbnails.trvl-media.com/EsJ3eRCiuNH3QxDN5kPrdDgC7jo=/350x197/images.trvl-media.com/media/content/shared/images/travelguides/destination/178293/Empire-State-Building-88470.jpg,,,,,,,,
http://www.shainblumphoto.com/wp-content/uploads/2018/09/new_york_photography_cityscape_14.jpg,,,,,,,,
https://www.livedesignonline.com/sites/livedesignonline.com/files/styles/article_featured_standard/public/uploads/2017/04/empire-web.jpg?itok=90UQAVqB,,,,,,,,
https://www.greenbiz.com/sites/default/files/styles/gbz_article_featured/public/images/articles/featured/062913empire-2.jpg?itok=_qb3qrZG,,,,,,,,
https://cdn-imgix.headout.com/tour/16008/TOUR-IMAGE/be4c93f5-07a2-43d5-a9af-8d0db69153ed-new-york-empire-state-building-vip-01.jpg?auto=compress&fm=pjpg&w=510&h=315&crop=faces&fit=min,,,,,,,,
https://i.dailymail.co.uk/1s/2019/03/16/05/11064856-6816177-image-m-75_1552715734661.jpg,,,,,,,,
https://www.thelightingpractice.com/wp-content/uploads/2016/08/ESB-LightShow-1-2600x1734.jpg,,,,,,,,
https://cdn.kaplaninternational.com/sites/default/files/styles/780x520/public/school/photos/US_NYEmpireState_School_780x520_39.jpg?itok=U3VZi2ZY,,,,,,,,
https://www.maxxi.art/wp-content/uploads/2017/03/EmpireStateBuilding.jpg,,,,,,,,
https://www.iloveny360.com/wp-content/uploads/2015/09/esb_102-1024x536.jpg,,,,,,,,
https://i.ytimg.com/vi/RTKgSCW-dTk/maxresdefault.jpg,,,,,,,,
https://www.billboard.com/files/styles/article_main_image/public/media/-state-building-billboard-650.jpg,,,,,,,,
https://c.ndtvimg.com/2018-11/6baugn1k_empire-state-building-new-york-happy-diwali-2018-twitter_625x300_08_November_18.jpg,,,,,,,,
https://www.baruch.cuny.edu/nycdata/uniquely_nyc/images/empirestate-lighting.jpeg,,,,,,,,
https://media.guestofaguest.com/t_article_content/gofg-media/2017/04/1/48769/17931883_284064398716489_7499235691654545408_n_(2).jpg,,,,,,,,
https://nyocommercialobserver.files.wordpress.com/2018/01/empire-state-building-at-350-fifth-avenue-photo-costar-group.jpg?w=768,,,,,,,,
https://www.buildinggreen.com/sites/default/files/styles/smartphone_full/public/articles/Empire%20State%20Building%201200px.jpg?itok=h1uEipaH&timestamp=1556303515,,,,,,,,
https://i2.cdn.turner.com/money/2012/05/07/news/economy/empire_state_building/empire-state-building.gi.top.jpg,,,,,,,,
https://asset.barrons.com/public/resources/images/BN-PN479_0823em_P_20160823170745.jpg,,,,,,,,
https://www.peakperformancetours.com/wp-content/uploads/2016/02/empire-state-building.jpg,,,,,,,,
https://images.news18.com/ibnlive/uploads/2018/10/Untitled-design-53.png,,,,,,,,
https://static.timesofisrael.com/www/uploads/2015/07/000_Was8946738-640x400.jpg,,,,,,,,
http://www.dawsontravel.ie/assets/images/geodata/356539.jpg,,,,,,,,
https://www.nationsonline.org/gallery/USA/Empire-State-Building.jpg,,,,,,,,
http://obscuradigital.com/wp-content/uploads/2015/08/260C1962-2.jpg,,,,,,,,
https://mondrian.mashable.com/uploads%252Fcard%252Fimage%252F859278%252Fda9c9f23-a7dd-4c7f-8847-5963adea6b31.jpg%252F950x534__filters%253Aquality%252890%2529.jpg?signature=ep78VWTjmQ6itqsJkier9qSDMus=&source=https%3A%2F%2Fblueprint-api-production.s3.amazonaws.com,,,,,,,,
https://www.walksofnewyork.com/blog/wp-content/uploads/2011/10/empire-state-building-lights-credit-Songquan-Deng-600x902.jpg,,,,,,,,
https://images-na.ssl-images-amazon.com/images/I/51kWU%2B9hnWL.jpg,,,,,,,,
https://static.posters.cz/image/1300/fototapetak/new-york-empire-state-building-i30867.jpg,,,,,,,,
https://thumbnails.trvl-media.com/vif8TN68N1O69WmSzBrlP5wUDQQ=/350x197/images.trvl-media.com/media/content/shared/images/travelguides/destination/178293/Empire-State-Building-88471.jpg,,,,,,,,
https://250.ps.columbia.edu/sites/default/files/styles/featured_stories_top_image/public/scrapbook/CU%20250%20Empire%20State-0346_Charles%20Manley%20for%20web.jpg?itok=1QZMWsUD,,,,,,,,
https://petapixel.com/assets/uploads/2017/05/harpers_feat.jpg,,,,,,,,
https://www.new-york-city-travel-tips.com/wp-content/uploads/2015/05/Empire-State-Building-BPVNY-NYCTT-MPVNY-1.jpg,,,,,,,,
https://vastphotos.com/files/uploads/photos/10164/high-resolution-empire-state-building-l.jpg,,,,,,,,
https://cbsnews1.cbsistatic.com/hub/i/r/2016/04/30/6177d95a-1633-4e56-8dbe-263648fc1d34/resize/620x465/00cf17a61c9fbe9f871262ec2908906a/empire-state-building-loc-05-beacon-at-night.jpg,,,,,,,,
https://media.ceetiz.com/activity/TESNYC001/thumbnails/642x450/Empire-state-building-22.jpg,,,,,,,,
https://www.nycgo.com/images/venues/971/empire-state-building-observatory-downtown-rebirth-2000x3000__x_large.jpg,,,,,,,,
https://www.nycbynatives.com/assets/empire_new_smaller.jpg,,,,,,,,
https://www.autismspeaks.org/sites/default/files/article/image/docs/empire_state_blue.jpg,,,,,,,,
https://loving-newyork.com/wp-content/uploads/2016/02/Helicopter-Tour-NYC-Manhattan-Brooklyn-Coney-Island-161024140255004.jpg,,,,,,,,
https://www.greenroofs.com/wp-content/uploads/2018/09/empire_state_30w9.jpg,,,,,,,,
https://images.huffingtonpost.com/2013-09-13-1empirestatebuilding_650_20130523.jpg,,,,,,,,
https://www.multivu.com/players/English/8247151-empire-state-building-world-cup-2018/image/Japan_1528122446140-20-HR.jpg,,,,,,,,
https://assets.simpleviewinc.com/simpleview/image/fetch/q_75/https://assets.simpleviewinc.com/simpleview/image/upload/crm/newyorkstate/Empire_State_Building20_e19e3591-0302-8dfe-940e22fa6d0a5260.jpg,,,,,,,,
https://img.andrewprokos.com/EMPIRE-STATE-BUILDING-MIDTOWN-NYC-VIEW-1000PX-335x500.jpg,,,,,,,,
https://media.glamour.com/photos/5695e01c16d0dc3747ee6fef/master/w_1600%2Cc_limit/inspired-2015-11-glamour-pink-empire-state-building-geoff-barrenger-main.jpg,,,,,,,,
https://concierge.newyorkpass.com/images/esb/banner-esb-ampm-01-new.jpg,,,,,,,,
https://static.independent.co.uk/s3fs-public/thumbnails/image/2018/11/27/17/istock-1052319016.jpg?w968h681,,,,,,,,
https://previews.123rf.com/images/dibrova/dibrova1209/dibrova120900020/15148982-manhattan-skyline-with-empire-state-building-over-hudson-river-new-york-city.jpg,,,,,,,,
https://www.americanbridge.net/wp-content/uploads/Empire-State-Buildingx-1.jpg,,,,,,,,
http://s7657.pcdn.co/wp-content/uploads/2016/01/Legos-and-Empire-State-Building-940x480.jpg,,,,,,,,
https://is3-ssl.mzstatic.com/image/thumb/Purple122/v4/64/24/ef/6424ef35-d53a-c803-ec80-6cc5e111a529/pr_source.png/643x0w.png,,,,,,,,
https://lh3.googleusercontent.com/HBlrLjoqor4qq_kybCjLPLUCtMrAY6uULLW_eRRW-Wzv2egtCUHBxHNXaphkaM_XKTA,,,,,,,,
https://petapixel.com/assets/uploads/2017/05/harpers1.jpg,,,,,,,,
https://imgc.allpostersimages.com/img/print/posters/philippe-hugonnard-sunset-skyscraper-landscape-empire-state-building-and-one-world-trade-center-manhattan-new-york_a-G-10268054-4990623.jpg,,,,,,,,
https://media.nbcdfw.com/images/652*367/AP_304150445524.jpg,,,,,,,,
https://s27690.pcdn.co/wp-content/uploads/2018/02/EmpireStateBuilding-compressor2.jpg,,,,,,,,
https://cdn3.volusion.com/mwceg.gjtbh/v/vspfiles/photos/ESB-Set-2.jpg?1531400093,,,,,,,,
https://cdn.pixabay.com/photo/2014/05/03/01/04/manhattan-336708_960_720.jpg,,,,,,,,
https://static.posters.cz/image/1300/fototapeten/new-york-the-empire-state-building-i25176.jpg,,,,,,,,
https://therealdeal.com/new-research/wp-content/uploads/2019/03/EmpireStateBuilding-2-268x187.jpeg,,,,,,,,
https://freetoursbyfoot.com/wp-content/uploads/2014/06/Which-Observatory-Empire-State-Building.jpg,,,,,,,,
https://upload.wikimedia.org/wikipedia/commons/1/10/Empire_State_Building_with_1WTC_in_background.png,,,,,,,,
http://tdr.aaa.com/tdr-images/variation/63792?ratio=9:6&rwidth=500,,,,,,,,
https://d2cdo4blch85n8.cloudfront.net/wp-content/uploads/2019/04/LEGO-21046-Architecture-Empire-State-Building-Featured-image-672x372.jpg,,,,,,,,
http://server.empirestaterealtytrust.com/images/properties/ESB_Retail_34th_Street_In-line_2018_resized-main.jpg,,,,,,,,
http://hyperallergic.com/wp-content/uploads/2015/08/Earth_ESB_Obscura_GetttyImages-copy.jpg,,,,,,,,
https://sightseeingscientist.com/wp-content/uploads/2018/06/EmpireStateBuilding01-1200x900.jpg,,,,,,,,
https://9to5toys.com/wp-content/uploads/sites/5/2019/04/lego-architecture-empire-state-building.jpg?quality=82&strip=all,,,,,,,,
https://www.walksofnewyork.com/blog/wp-content/uploads/2011/10/empire-state-building-nyc-skyline-600x406.jpg,,,,,,,,
https://cbsnews1.cbsistatic.com/hub/i/r/2016/04/30/6821aa47-d27a-4109-8dc5-d5aa0b1fb993/resize/620x465/f9962b0ca283b0891d59d060006a1a5f/empire-state-building-loc-02-skyline-day.jpg,,,,,,,,
https://www.enr.com/ext/resources/Issues/NewYork_Issues/2017/Sept-25/12528_01_028.jpg,,,,,,,,
https://www.esbnyc.com/sites/default/files/styles/module_image__600x338_/public/minime.jpg?itok=RiaHS3WU,,,,,,,,
https://images.theweek.com/sites/default/files/styles/tw_image_9_4/public/46125909_2529426010407888_5341840268452691968_n.jpg?itok=-yFOjvrQ&resize=1260x560,,,,,,,,
http://www.bocagroup.com/files/empire.jpg,,,,,,,,
https://2traveldads.com/wp-content/uploads/Empire-State-Building-at-Night-New-York-City-1.jpg,,,,,,,,
https://cdn9.dissolve.com/p/D246_38_097/D246_38_097_1200.jpg,,,,,,,,
https://assets.saatchiart.com/saatchi/1048370/art/4201417/3271266-BNFJYAWV-7.jpg,,,,,,,,
https://www.nydailynews.com/resizer/iafwSk05AeVaPn_3CoTpSXBvpwE=/800x0/arc-anglerfish-arc2-prod-tronc.s3.amazonaws.com/public/UCKXTDX7BJZU55YTCJI3YZ36GA.jpg,,,,,,,,
https://www.new-york-city-travel-tips.com/wp-content/uploads/2013/11/Honey-Moon-in-NY-554-590x442.jpg,,,,,,,,
https://assets.isango.com/productimages/product/21993/new-york-city_20169_1.jpg,,,,,,,,
https://thetravelhack.com/wp-content/uploads/2014/01/Empire-State-Building-at-Night.jpg,,,,,,,,
http://www.thecrownwings.com/wp-content/uploads/2019/02/Empire-State-Building-1440x2156.jpg,,,,,,,,
https://globetrottergirls.com/wp-content/uploads/2019/03/empire-state-building-view-south-1024x692.jpg,,,,,,,,
https://farm1.staticflickr.com/907/42030360142_7155676e58_b.jpg,,,,,,,,
https://images.huffingtonpost.com/2013-09-13-2empirestatebuilding_650_20130523.jpg,,,,,,,,
https://images.adsttc.com/media/images/5576/ec62/e58e/ceaa/2a00/0115/large_jpg/ESB-section_50350.jpg?1433857101,,,,,,,,
https://www.greenbiz.com/sites/default/files/styles/gbz_article_primary_breakpoints_kalapicture_screen-md_1x/public/images/articles/featured/20110913esbleedgold.jpg?itok=IW7wcVhA&timestamp=1316058611,,,,,,,,
http://architecturalprints.com.au/z49ap/wp-content/uploads/EMPIRE-STATE-BUILDING-Print3.jpg,,,,,,,,
https://thumbnails.trvl-media.com/5qPROBC5k5RW6u37v_CcrK8YV30=/350x197/images.trvl-media.com/media/content/shared/images/travelguides/destination/178293/Empire-State-Building-88473.jpg,,,,,,,,
https://pbs.twimg.com/media/BrQDT3BCcAAbQPX.jpg,,,,,,,,
https://lonelyplanetimages.imgix.net/mastheads/stock-photo-new-york-city-manhattan-100424161.jpg?fit=crop&w=320&h=140,,,,,,,,
https://images.forwardcdn.com/image/720x/center/images/cropped/eiffel-tower-1540822330.jpg,,,,,,,,
https://hips.hearstapps.com/hbz.h-cdn.co/assets/17/16/hbz-bazaar-150-esb-projections-18.jpg,,,,,,,,
https://www.thelightingpractice.com/wp-content/uploads/2016/08/ESB-Tower-5-2600x1734.jpg,,,,,,,,
https://www.askideas.com/media/39/Green-Lights-On-Empire-State-Building.jpg,,,,,,,,
https://imgs.6sqft.com/wp-content/uploads/2017/05/31132456/Meganom-262-Fifth-Avenue-3-e1496251633118.jpg,,,,,,,,
https://image-cdn.hypb.st/https%3A%2F%2Fhypebeast.com%2Fwp-content%2Fblogs.dir%2F6%2Ffiles%2F2017%2F04%2Fempire-state-building-fashion-show-projection-2.jpg?q=75&w=800&cbr=1&fit=max,,,,,,,,
https://media-cdn.tripadvisor.com/media/photo-s/00/11/f0/2e/esb.jpg,,,,,,,,
http://i.bnet.com/blogs/empire-state-build-777631.jpeg,,,,,,,,
https://www.metsawood.com/PublishingImages/PlanB/ESB/wooden-skyscraper-empire-state-building-structure.jpg,,,,,,,,
https://cdn.instructables.com/FYZ/THEN/JCUUNYXT/FYZTHENJCUUNYXT.LARGE.jpg,,,,,,,,
http://www.awesomestories.com/images/user/dd87b987413c386ab426fe20036cb863.jpg,,,,,,,,
https://www.tripsavvy.com/thmb/ITFbT_4s2G4LTBIrP8l2QZfPQlw=/350x0/filters:no_upscale():max_bytes(150000):strip_icc()/usa--new-york-city-skyline-602222177-597f49af9abed50010cb65df.jpg,,,,,,,,
http://www.fun-facts.org.uk/images/empire_state.jpg,,,,,,,,
https://nyocommercialobserver.files.wordpress.com/2016/04/screen-shot-2016-04-25-at-11-59-24-am.png?w=768,,,,,,,,
https://touramericanyc.com/blog/wp-content/uploads/2018/01/usa-1778524_1920.jpg,,,,,,,,
https://www.hrw.org/sites/default/files/styles/node_embed/public/media/images/photographs/ESB.hrwblue.jpg?itok=sELJv9J-,,,,,,,,
https://c8.alamy.com/comp/PF17G7/the-empire-state-building-lit-up-at-night-as-fast-moving-clouds-stream-above-the-chelsea-neighborhood-of-new-york-city-PF17G7.jpg,,,,,,,,
http://newsinfo.inquirer.net/files/2017/03/Empire-State-Building-0318.jpg,,,,,,,,
https://i.ytimg.com/vi/V1dXcutIGYw/hqdefault.jpg,,,,,,,,
https://vignette.wikia.nocookie.net/olympians/images/0/05/Empire_State_Building_GN.jpg/revision/latest?cb=20190119081454,,,,,,,,
https://twt-media.washtimes.com/media/image/2015/07/15/Empire_State_Building.jpg,,,,,,,,
https://loving-newyork.com/wp-content/uploads/2018/08/empire-state-building-facts-190131104241003-1600x960.jpg,,,,,,,,
https://travel.usnews.com/dims4/USNEWS/34bc3f7/2147483647/resize/255x255%5E%3E/crop/255x255/quality/85/?url=/static-travel/images/destinations/44/esb_below_getty_dennis_fischer_photography.jpg,,,,,,,,
https://www.thenational.ae/image/policy:1.839336:1553076299/GettyImages-668600089.jpg?f=16x9&w=1200&$p$f$w=0040b46,,,,,,,,
http://6tocelebrate.org/wp-content/uploads/2014/08/Empire-State-Building-crop.jpg,,,,,,,,
https://jllcampaigns.com/pdsbook/wp-content/uploads/2018/03/Empire-State-Building9.jpg,,,,,,,,
https://www.citysightsny.com/media/catalog/product/cache/26/small_image/9df78eab33525d08d6e5fb8d27136e95/e/s/esb-1_15.jpg,,,,,,,,
https://www.history.com/.image/t_share/MTU3ODc3NjU4ODkxMDY5MTUx/b-25-crashes-into-empire-state-building.jpg,,,,,,,,
https://media.npr.org/programs/atc/features/2008/july/empirestate200-6c6312709172dad6ca6f7cb5dd5238a22cc48955-s800-c85.jpg,,,,,,,,
http://static.trip101.com/paragraph_media/pictures/000/380/796/large/75341632.jpg?1513052873,,,,,,,,
https://www.virgobc.com/wp-content/uploads/2014/10/virgo-empire-state-building-nyc-scenic-view-800.jpg,,,,,,,,
http://www.isequal.com/empire_state_building/empire_state_building_human1.jpg,,,,,,,,
https://cdn-images-1.medium.com/max/1068/0*WtXGM44DgGGldDlH.jpg,,,,,,,,
https://assets.harlemspirituals.com/fourd/hsn-img4D/empire-state-building-view-900x435.jpg,,,,,,,,
https://www.oreilly.com/library/view/dk-eyewitness-travel/9781465484161/Images/p165_01.jpg,,,,,,,,
https://cbsnews2.cbsistatic.com/hub/i/r/2016/04/30/a7c4e390-456c-4341-afe7-266be388a57e/resize/620x465/9c627762eb8abf633c4a158b0eb497e4/empire-state-building-world-trade-center-ap7210110313.jpg,,,,,,,,
http://media.gettyimages.com/photos/empire-state-building-back-in-the-haze-picture-id1081201224?s=170667a&w=1007,,,,,,,,
https://thetravelhack.com/wp-content/uploads/2014/01/Empire-State-Building-lights.jpg,,,,,,,,
https://www.rockettes.com/wp-content/uploads/sites/2/2016/11/christmas-spectacular-empire-state-building-light-up.jpg,,,,,,,,
http://www.seankenney.com/portfolio/empire_state_building/2.jpg,,,,,,,,
https://static3.mansionglobal.com/production/media/article-images/3b19244725b6914669cea262e3920b8b/large_3.-The-Bryant_Penthouse-Dining.jpg,,,,,,,,
https://concierge.newyorkpass.com/images/esb/banner-esb-premium.jpg,,,,,,,,
https://statesymbolsusa.org/sites/statesymbolsusa.org/files/primary-images/EmpireStateBuildingNYnickname.jpg,,,,,,,,
https://www.audubon.org/sites/default/files/styles/article_teaser_list/public/sfw_empirestatebuilding_camillacerea.jpg?itok=gkL3wphi,,,,,,,,
https://globetrottergirls.com/wp-content/uploads/2019/03/empire-state-building-view.jpg,,,,,,,,
https://www.greenroofs.com/wp-content/uploads/2018/09/empire_state_21w11.jpg,,,,,,,,
https://media.ceetiz.com/activity/TESNYC002/thumbnails/642x450/empire-state-building-26.jpg,,,,,,,,
https://broadway.showtickets.com/cdn/site/cs-1232-st-empire-state-building-observatory_banner_1024x422c.jpg,,,,,,,,
https://www.thoughtco.com/thmb/m71780bagIUIKs296-fM_698Ta4=/768x0/filters:no_upscale():max_bytes(150000):strip_icc()/Refinery-Hotel-Rooftop-Bar-NYC-Empire-State-Buliding-58d4c78e5f9b5846834f6884.jpg,,,,,,,,
https://img.etimg.com/thumb/height-480,width-640,imgsize-302262,msid-50105723/let-the-magic-of-watching-a-sunset-from-the-empire-state-building-mesmerise-you.jpg,,,,,
https://i.dailymail.co.uk/1s/2019/03/16/06/11065036-6816177-image-a-95_1552716409079.jpg,,,,,,,,
https://hips.hearstapps.com/ghk.h-cdn.co/assets/cm/15/12/550908cf3d1f1-ghk-blog-empire-state-building1.jpg?fill=160:239&resize=480:*,,,,,,,,
https://ssl-static-images.ravensburger.de/images/produktseiten/1024/12553.jpg,,,,,,,,
https://3pogx2cw0k8qgm0l-zippykid.netdna-ssl.com/wp-content/uploads/2015/06/Empire-State-Building.jpg,,,,,,,,
https://cdn.newsday.com/polopoly_fs/1.12752238.1481673559!/httpImage/image.jpg_gen/derivatives/landscape_1280/image.jpg,,,,,,,,
https://akns-images.eonline.com/eol_images/Entire_Site/2019421/rs_1024x682-190521215740-e-asia-bts-empire-state-building-GettyImages-1145343810.jpg?fit=inside|900:auto&output-quality=90,,,,,,,,
https://www.metalearth.com/content/images/thumbs/0001666_iconx-empire-state-building.jpeg,,,,,,,,
https://t-ec.bstatic.com/images/hotel/max1024x768/406/40666762.jpg,,,,,,,,
https://img.andrewprokos.com/EMPIRE-STATE-PANORAMA-VT-BW-1000PX.jpg,,,,,,,,
https://media.timeout.com/images/105249039/630/472/image.jpg,,,,,,,,
https://img.huffingtonpost.com/asset/58c0a9242700003800748ee7.jpeg?ops=scalefit_720_noupscale,,,,,,,,
https://images.fineartamerica.com/images/artworkimages/mediumlarge/2/model-of-empire-state-building-close-up-david-muir.jpg,,,,,,,,
https://files1.structurae.de/files/photos/5256/2016-06-06/dsc05479.jpg,,,,,,,,
https://hbcglobalartcollection.com/wp-content/uploads/2017/03/BAF02361_ElliottErwitt_New-York-City-Empire-Sta.jpg,,,,,,,,
https://blogbox.indianeagle.com/wp-content/uploads/2015/08/goddess-kali-on-Empire-State-Building-in-New-York.jpg,,,,,,,,
https://jooinn.com/images/empire-state-building-5.jpg,,,,,,,,
https://55mm.co/wp-content/uploads/Empire-State-Building-Main.jpeg,,,,,,,,
https://media.treehugger.com/assets/images/2015/06/esb-2.jpg.860x0_q70_crop-smart.jpg,,,,,,,,
https://img.buzzfeed.com/buzzfeed-static/static/2018-06/5/13/asset/buzzfeed-prod-web-01/sub-buzz-2807-1528220094-2.jpg?downsize=700:*&output-format=auto&output-quality=auto,,,,,,,,
https://images.skyscrapercenter.com/building/ny008.jpg,,,,,,,,
https://www.jazzhostels.com/wp-content/uploads/2013/11/photo-new-york-city-empire-state-building-zeppelin-cc1.jpg,,,,,,,,
https://perezhilton.com/wp-content/uploads/2012/08/73.jpg,,,,,,,,
https://www.nydailynews.com/resizer/SV8HFvkJzWxEwRx8_ZnFnq3vh8I=/fit-in/800x600/filters:fill(black)/arc-anglerfish-arc2-prod-tronc.s3.amazonaws.com/public/CBCMCPWOBXFWUCISSRWKV3VKZI.jpg,,,,,,,,
https://cdn.bisnow.net/fit?height=440&type=jpeg&url=https%3A%2F%2Fs3.amazonaws.com%2Fcdn.bisnow.net%2Fcontent%2Fimages%2F2015%2F12%2F77178_1439226142_EmpireStatebyRachelDocherty-large.jpg&width=644&sign=4hDGxv-tFd74XTM2S_-wajbMwIvpz3ZsIAVyAeRWxX8,,,,,,,,
http://photos.vanityfair.com/2015/05/21/555dffe1b80bcc99383aca60_t-zedd-empire-state-building.jpg,,,,,,,,
https://qph.fs.quoracdn.net/main-qimg-d2f719d8851ee3b65f8eb013b327f9a3,,,,,,,,
https://www.new-york-city-travel-tips.com/wp-content/uploads/2015/05/Empire-State-Building-BPVNY-NYCTT-MPVNY-9-600x400.jpg,,,,,,,,
https://media.istockphoto.com/videos/manhattan-empire-state-building-4k-time-lapse-video-id543953774?s=640x640,,,,,,,,
https://nyc.epeak.in/wp-content/uploads/2018/02/the-empire-state-building-goes-dark-tonight-for-victims-at-marjory-stoneman-douglas-high-school.jpg,,,,,,,,
https://thenypost.files.wordpress.com/2017/04/gettyimages-626591042.jpg?quality=90&strip=all&w=618&h=410&crop=1,,,,,,,,
https://t-ec.bstatic.com/images/hotel/max1024x768/444/44459885.jpg,,,,,,,,
https://media.glassdoor.com/l/ef/7a/07/74/empire-state-building-view-from-our-nyc-offices.jpg,,,,,,,,
https://www.esbnyc.com/sites/default/files/styles/module_image__600x338_/public/popular.jpg?itok=Y6rysx3v,,,,,,,,
https://cdn.vox-cdn.com/thumbor/eC42U0bE_B_5Gv95gKI6nKyepY4=/0x0:4465x2947/1200x800/filters:focal(1876x1117:2590x1831)/cdn.vox-cdn.com/uploads/chorus_image/image/55418251/14353082608_d55ca9f88d_o.0.jpg,,,,,,,,
https://png.pngtree.com/illustrations/20190322/ourlarge/pngtree-city-silhouette-new-york-empire-state-building-vector-png-image_36593.jpg,,,,,,,,
https://images.unsplash.com/photo-1522509354236-92305c6b00a7?ixlib=rb-1.2.1&ixid=eyJhcHBfaWQiOjEyMDd9&w=1000&q=80,,,,,,,,
http://www.seankenney.com/portfolio/empire_state_building/splash.jpg,,,,,,,,
https://loving-newyork.com/wp-content/uploads/2018/09/Empire-State-Building-New-York_160914155540010-640x640.jpg,,,,,,,,
https://www.newyorkcity.ca/wp-content/uploads/2013/02/Empire-State-Building-Tickets-East-River.jpg,,,,,,,,
https://www.metsawood.com/PublishingImages/PlanB/ESB/wooden-tall-building-ESB-closeup.jpg,,,,,,,,
https://cbsnews2.cbsistatic.com/hub/i/r/2016/04/30/eb03a3bd-d539-4465-bacf-f62ce449e239/resize/620x465/d4cc813e1a5b5a4d9e890cb740510ed9/empire-state-building-1935-ap350420047.jpg,,,,,,,,
https://upload.wikimedia.org/wikipedia/commons/9/97/Empire_State_Building_panoramic_Jun_2013.jpg,,,,,,,,
https://c8.alamy.com/comp/F0R3FP/new-york-city-empire-state-building-at-sunset-F0R3FP.jpg,,,,,,,,
https://upload.wikimedia.org/wikipedia/commons/2/24/EmpireStateBuilding_2007_amk_bw.jpg,,,,,,,,
https://i2.wp.com/thepointsguy.com/wp-content/uploads/2016/07/830-featured-Empire-State-Building.jpg?fit=830%2C400px&ssl=1,,,,,,,,
https://cdn.geekwire.com/wp-content/uploads/2017/10/15251073684_ead4f5b6b7_k-630x420.jpg,,,,,,,,
https://www.greenroofs.com/wp-content/uploads/2018/09/empire_state_21w9.jpg,,,,,,,,
https://fscomps.fotosearch.com/compc/UNN/UNN220/empire-state-building-clipart__u15238590.jpg,,,,,,,,
https://mondrian.mashable.com/uploads%252Fcard%252Fimage%252F408436%252F6cb61746-a500-4ca7-8b30-355572c62778.jpg%252F950x534__filters%253Aquality%252890%2529.jpg?signature=d7cMluuoSJdjiF2mVoKpUlfHx1A=&source=https%3A%2F%2Fblueprint-api-production.s3.amazonaws.com,,,,,,,,
https://www.legacyventure.com/wp-content/uploads/2015/12/Empire-State-Building1.png,,,,,,,,
https://st3.depositphotos.com/3886483/14147/i/1600/depositphotos_141479110-stock-photo-the-empire-state-building-from.jpg,,,,,,,,
https://pmcvariety.files.wordpress.com/2018/10/eminem.jpg?w=1000&h=563&crop=1,,,,,,,,
http://www.orangesmile.com/extreme/img/main/empire-state-building_1.jpg,,,,,,,,
https://www.si.edu/sites/default/files/newsdesk/press_releases/empire_state_building_history.jpg,,,,,,,,
https://cdn.modlar.com/photos/9893/img/s_1920_x/empire_state_building_exterior_59d1a639dd068.jpg,,,,,,,,
https://s.hswstatic.com/gif/threw-penny-off-empire-1.jpg,,,,,,,,
https://timesofindia.indiatimes.com/thumb/msid-48420739,width-400,resizemode-4/48420739.jpg,,,,,,
https://assets.isango.com/heroimages/hidpi/13038//empire-state-building-tickets.jpg,,,,,,,,
https://rubenstein.com/wp-content/uploads/2016/09/1983_King-Kong-on-Empire-State-480x360.png,,,,,,,,
https://media.gettyimages.com/photos/empire-state-building-against-stormy-sky-picture-id200336426-001,,,,,,,,
https://petapixel.com/assets/uploads/2017/05/harpers3.jpg,,,,,,,,
https://img.andrewprokos.com/EMPIRE-STATE-BUILDING-PANORAMA-NIGHT-VT-2760-PROKOS-1000PX.jpg,,,,,,,,
https://vignette.wikia.nocookie.net/thunderbirds/images/1/16/Moving_the_Empire_State_Building.png/revision/latest/scale-to-width-down/300?cb=20171024221102,,,,,,,,
https://www.timber-online.net/content/holz/holzkurier/en/holzbau/2015/06/empire_state_buildingmadeofwood/_jcr_content/rtePar/richtext1.fitIn.agrarverlag_rteimage_lightbox.jpg/1491492299350/1434539529674.jpg,,,,,,,,
https://rambusch.com/sites/default/files/styles/gallery_carousel/public/empire-4_0.jpg?itok=QqvVRYN3,,,,,,,,
https://d1jqecz1iy566e.cloudfront.net/extralarge/fb280.jpg,,,,,,,,
https://www.nycgo.com/images/tours/9876/esb_views_tristate_event_2012_julienne_schaer_062__large.jpg,,,,,,,,
https://static01.nyt.com/images/blogs/greeninc/esbg.jpg,,,,,,,,
http://factsforkids.net/wp-content/uploads/2016/04/Top-of-ESB-empire-state-building-facts-for-kids-550x377.jpg,,,,,,,,
https://usatgolfweek.files.wordpress.com/2019/04/download-1-1.jpg?w=1000,,,,,,,,
https://nyoobserver.files.wordpress.com/2012/10/51.jpg?quality=80,,,,,,,,
https://static.turbosquid.com/Preview/2014/08/08__18_28_30/005_Empire_State_Building_Low_Poly.jpgce28f86f-4a74-4fa2-bdb1-a27dc8399a47Default.jpg,,,,,,,,
https://thetravelhack.com/wp-content/uploads/2014/01/Empire-State-Building.jpg,,,,,,,,
http://top100people.club/club/wp-content/uploads/2016/04/empire-state-building-top-100.jpg,,,,,,,,
https://www.nywaterway.com/UserFiles/Images/Rotate/ktc-attractions-empire.jpg,,,,,,,,
https://c8.alamy.com/comp/F0R3FP/new-york-city-empire-state-building-at-sunset-F0R3FP.jpg,,,,,,,,
https://www.wwe.com/f/styles/gallery_img_l/public/photo/image/2013/04/ESB_04072013pn_005.jpg,,,,,,,,
https://cdn.getyourguide.com/niwziy2l9cvz/1oEblbEpkYguwce6SoGi8Y/e918feb78a6f18f7e474f4b2d95a5d8c/new-york-East-River-State-Park-1500x850.jpg,,,,,,,,
https://media.istockphoto.com/photos/manhattan-cityscape-view-with-empire-state-building-nyc-picture-id459221669,,,,,,,,
https://s3-us-west-2.amazonaws.com/media.brothers-brick.com/2019/04/LEGO-Architecture-21046-Empire-State-Building-Set-Front.jpg,,,,,,,,
https://www.newyorkcity.ca/wp-content/uploads/2018/09/RHM-Empire-State-Building.png,,,,,,,,
http://uk.zooverresources.com/images/T9323826I1254420W900H675/Empire-State-Building.jpg,,,,,,,,
https://9to5toys.com/wp-content/uploads/sites/5/2019/04/lego-empire-state-building-set.jpg?quality=82&strip=all&w=1600,,,,,,,,
https://a.travel-assets.com/findyours-php/viewfinder/images/res10/20000/20017-Empire-State-Building.jpg,,,,,,,,
https://i.ytimg.com/vi/AjyOTRUyNiU/maxresdefault.jpg,,,,,,,,
https://www.metmuseum.org/toah/images/hb/hb_1987.1100.119.jpg,,,,,,,,
https://si.wsj.net/public/resources/images/BN-KB676_NYEMPI_P_20150830175242.jpg,,,,,,,,
http://www.3d-environments.com/wp-content/uploads/edd/2015/12/empire_state_02.jpg,,,,,,,,
http://www.lostmonuments.com/monuments/monuments1/Empire-State-Building-2.jpg,,,,,,,,
http://hyperallergic.com/wp-content/uploads/2015/08/getty-images-photo-by-grant-lamos-etc1.jpg,,,,,,,,
https://i2.wp.com/thetowerinfo.com/wp-content/uploads/2017/06/empire-state-building-observatory-nyc.jpg?fit=944%2C678&ssl=1,,,,,,,,
http://www.liverpoolmuseums.org.uk/conservation/departments/graphics/large/empire-state-building-cropped-360x360.png,,,,,,,,
https://www.walksofnewyork.com/blog/wp-content/uploads/2011/10/ESB-600x800.jpg,,,,,,,,
https://amp.businessinsider.com/images/5a37c830b0bcd530328b4ece-750-563.jpg,,,,,,,,
https://t4.ftcdn.net/jpg/01/87/99/47/500_F_187994776_qRYLxhEohcydaEWGzIm0LVB9YUJvNO83.jpg,,,,,,,,
https://www.americanbridge.net/wp-content/uploads/empire-state-building.jpg,,,,,,,,
https://upload.wikimedia.org/wikipedia/commons/2/26/Empire_State_Building_at_Sunset%2C_New_York.jpg,,,,,,,,
https://img.andrewprokos.com/ESB-DUSK-ROCK-CENTER-1000PX-500x363.jpg,,,,,,,,
http://manofdepravity.com/wp-content/uploads/2013/08/empire-state-building-night-new-york_26741_990x742.jpg,,,,,,,,
https://image.slidesharecdn.com/09-150909204637-lva1-app6892/95/how-the-empire-state-building-makes-money-in-one-chart-1-638.jpg?cb=1441894555,,,,,,,,
https://s1.citypass.net/img-3e44dfc/products/new-york/attractions/empire/gallery/empire-gallery-exterior.jpg,,,,,,,,
http://www.abitare.it/wp-content/uploads/2017/10/05-EmpireState2_620.jpg,,,,,,,,
https://thenypost.files.wordpress.com/2018/11/181124-dumbo2.jpg?quality=90&strip=all&strip=all,,,,,,,,
https://fsmedia.imgix.net/b7/08/90/6c/8342/4b20/8352/8395aa4a8710/not-purple-for-prince.jpeg,,,,,,,,
https://cdn.pixabay.com/photo/2017/05/13/11/42/empire-state-building-2309359_960_720.jpg,,,,,,,,
https://loving-newyork.com/wp-content/uploads/2016/07/empire-state-building-view-night-160916135830002-1600x960.jpeg,,,,,,,,
https://amp.businessinsider.com/images/519688ed6bb3f79367000005-1536-768.jpg,,,,,,,,
https://c8.alamy.com/comp/CMDY0E/lightning-strikes-the-antenna-on-the-top-of-the-empire-state-building-CMDY0E.jpg,,,,,,,,
https://dropnite.com/images/0501-0510-8020.jpg,,,,,,,,
https://www.greenroofs.com/wp-content/uploads/2018/09/empire_state_30w1.jpg,,,,,,,,
https://s3.amazonaws.com/adg-bucket/new-york-city-empire-state-building/1938-medium.jpg,,,,,,,,
https://files1.structurae.de/files/photos/5256/2016-06-10/dsc06910.jpg,,,,,,,,
https://www.buildyourownnewyork.com/EmpireModel.jpg,,,,,,,,
https://media.timeout.com/images/105228896/630/472/image.jpg,,,,,,,,
https://doyoogo.com/media/cache/dyg_venue_main_picture/venue/1d0784d92ba853fac4b0da040ce20ea4.jpg,,,,,,,,
https://thumbnails.trvl-media.com/Bw5LFZvQ1LjNyQxQbZsmBwD5Ie0=/350x197/images.trvl-media.com/media/content/shared/images/travelguides/destination/178293/Empire-State-Building-88469.jpg,,,,,,,,
http://www.thephoblographer.com/wp-content/uploads/2013/04/KINGKONGESB83.jpg,,,,,,,,
https://i.ytimg.com/vi/golKVznjYlQ/maxresdefault.jpg,,,,,,,,
https://images-na.ssl-images-amazon.com/images/I/61AagNIIPLL._SX425_.jpg,,,,,,,,
http://cdn.history.com/sites/2/2016/04/GettyImages-555173607.jpg,,,,,,,,
http://www.seankenney.com/portfolio/empire_state_building/6.jpg,,,,,,,,
https://media.istockphoto.com/photos/empire-state-building-aerial-view-picture-id942537914,,,,,,,,
https://i.dailymail.co.uk/i/pix/2013/04/25/article-0-0D289FA900000578-326_634x319.jpg,,,,,,,,
https://imgs.6sqft.com/wp-content/uploads/2016/06/10071122/155-East-60th-Street-Archilier-2.jpg,,,,,,,,
https://www.arabianbusiness.com/sites/default/files/styles/full_img/public/images/2015/03/03/burj-khalifa.jpg,,,,,,,,
https://www.new-york-city-travel-tips.com/wp-content/uploads/2013/11/AVP1370-590x394.jpg,,,,,,,,
http://www.magazineusa.com/images_st2/ny/nyc/NYC-Empire-State-Building_780_m1gg.jpg,,,,,,,,
http://blog.vincentlaforet.com/wp-content/uploads/empire1.jpg,,,,,,,,
https://www.nydailynews.com/resizer/s1OBbifkACc50EprRhe_LK4o5Z8=/fit-in/800x600/filters:fill(black)/arc-anglerfish-arc2-prod-tronc.s3.amazonaws.com/public/OOCUKZXOYBDXMQKQQKVL4VZ2XI.jpg,,,,,,,,
https://99percentinvisible.org/app/uploads/2014/01/f2910ebcc46a4d26e05c165225b3a8671.jpg,,,,,,,,
https://boringparty.com/wp-content/uploads/2018/04/empire_state_building_night_2.jpg,,,,,,,,
http://nextluxury.com/wp-content/uploads/mens-tattoos-empire-state-building.jpg,,,,,,,,
https://www.indianeagle.com/travelbeats/wp-content/uploads/2015/08/New-York-Empire-State-Building-displays-endangered-animals.jpg,,,,,,,,
https://c8.alamy.com/comp/DGWD2A/metropolis-sea-of-houses-view-from-the-empire-state-building-to-the-DGWD2A.jpg,,,,,,,,
https://d1jqecz1iy566e.cloudfront.net/extralarge/wre004.jpg,,,,,,,,
https://www.greenroofs.com/wp-content/uploads/2018/09/empire_state_21w2.jpg,,,,,,,,
https://i.ytimg.com/vi/3XLjLx5fvsM/maxresdefault.jpg,,,,,,,,
https://www.metsawood.com/PublishingImages/PlanB/ESB/wooden-tall-building-height-esb-02.jpg?RenditionID=29,,,,,,,,
https://media.istockphoto.com/photos/empire-state-building-is-an-art-deco-skyscraper-in-midtown-manhattan-picture-id995950180,,,,,,,,
https://therealdeal.com/wp-content/uploads/2013/06/34-5thESB.gif,,,,,,,,
https://hdwallsource.com/img/2014/9/empire-state-building-pictures-30776-31499-hd-wallpapers.jpg,,,,,,,,
https://loving-newyork.com/wp-content/uploads/2016/01/Fifth-Avenue-Shopping-NYC-160923154714001.jpg,,,,,,,,
https://www.smartdestinations.com/blog/wp-content/uploads/2013/05/empire-state-building-lobby.jpg,,,,,,,,
https://cdn.pixabay.com/photo/2016/05/31/17/43/empire-state-building-1427457_960_720.jpg,,,,,,,,
https://cdn.getyourguide.com/niwziy2l9cvz/5fFFUN7oaIoyk8goomk22g/26ab39094f395e820010db8f97ae3986/new-york-Empire-State-Building-1500x850.jpg,,,,,,,,
https://loving-newyork.com/wp-content/uploads/2018/09/Empire-State-Building-New-York_160914155540010-640x640.jpg,,,,,,,,
http://fcpacompliancereport.com/wp-content/uploads/2019/04/Empire-State-Building.jpg,,,,,,,,
https://www.nywaterway.com/UserFiles/Images/Rotate/ktc-attractions-empire.jpg,,,,,,,,
https://s.abcnews.com/images/Lifestyle/empire-state-building-rt-jpo-180214_3x2_992.jpg,,,,,,,,
https://www.nydailynews.com/resizer/hpNoHO33WadcXLUN0ruLBL75AJg=/800x0/arc-anglerfish-arc2-prod-tronc.s3.amazonaws.com/public/LXYFHUUGHWAUZEUNN3XW7JZRGQ.jpg,,,,,,,,
https://www.arabianbusiness.com/sites/default/files/styles/full_img/public/images/2015/03/03/burj-khalifa.jpg,,,,,,,,
https://www.new-york-city-travel-tips.com/wp-content/uploads/2013/11/Honey-Moon-in-NY-554-590x442.jpg,,,,,,,,
https://thenypost.files.wordpress.com/2019/04/190406-new-york-state.jpg?quality=90&strip=all&w=618&h=410&crop=1,,,,,,,,
https://www.wwe.com/f/styles/gallery_img_l/public/photo/image/2013/04/ESB_04072013pn_005.jpg,,,,,,,,
http://paperlief.com/images/empire-state-building-at-day-wallpaper-2.jpg,,,,,,,,
https://s3-us-west-2.amazonaws.com/media.brothers-brick.com/2019/04/LEGO-Architecture-21046-Empire-State-Building-Set-Front.jpg,,,,,,,,
https://s1.citypass.net/img-3e44dfc/products/new-york/attractions/empire/gallery/empire-gallery-exterior.jpg,,,,,,,,
https://static.turbosquid.com/Preview/2014/08/08__18_28_30/005_Empire_State_Building_Low_Poly.jpgce28f86f-4a74-4fa2-bdb1-a27dc8399a47Default.jpg,,,,,,,,
https://rukminim1.flixcart.com/image/832/832/puzzle/a/y/w/216-empire-state-building-3d-building-set-ravensburger-original-imaeqqvtzfvmrhmy.jpeg?q=70,,,,,,,,
https://www.metmuseum.org/toah/images/hb/hb_1987.1100.119.jpg,,,,,,,,
https://media.glassdoor.com/l/201206/stellar-services-office.jpg,,,,,,,,
https://9to5toys.com/wp-content/uploads/sites/5/2019/04/lego-empire-state-building-set.jpg?quality=82&strip=all&w=1600,,,,,,,,
https://cdn.bisnow.net/fit?height=440&type=jpeg&url=https%3A%2F%2Fs3.amazonaws.com%2Fcdn.bisnow.net%2Fcontent%2Fimages%2F2017%2F08%2F599c85a69a810_Chrysler_Brian_Sugden_Unsplash.jpeg&width=644&sign=OhQ_B8gSH1nYTlE4ADefKjJzFk2CX14MP3U33s3oKpQ,,,,,,,,
https://si.wsj.net/public/resources/images/BN-KB676_NYEMPI_P_20150830175242.jpg,,,,,,,,
https://petapixel.com/assets/uploads/2017/05/harpers3.jpg,,,,,,,,
https://www.amarillo.com/storyimage/TX/20190405/NEWS/190409067/AR/0/AR-190409067.jpg,,,,,,,,
https://c8.alamy.com/comp/FKEPAM/view-of-downtown-manhattan-and-the-empire-state-building-as-seen-from-FKEPAM.jpg,,,,,,,,
https://c8.alamy.com/comp/FCF4R2/black-white-view-of-the-empire-state-building-skyscraper-at-twilight-FCF4R2.jpg,,,,,,,,
http://www.thecrownwings.com/wp-content/uploads/2019/02/View-from-Empire-State-Building-1-1440x962.jpg,,,,,,,,
http://www.lostmonuments.com/monuments/monuments1/Empire-State-Building-2.jpg,,,,,,,,
https://media.gettyimages.com/photos/teddy-bear-climbing-the-empire-state-building-picture-id157110261,,,,,,,,
http://www.liverpoolmuseums.org.uk/conservation/departments/graphics/large/empire-state-building-cropped-360x360.png,,,,,,,,
https://i.dailymail.co.uk/i/pix/2013/04/25/article-0-0D289FA900000578-326_634x319.jpg,,,,,,,,
https://www.nycgo.com/images/tours/9876/esb_views_tristate_event_2012_julienne_schaer_062__large.jpg,,,,,,,,
https://mediaim.expedia.com/localexpert/183589/4452e234-4bea-401a-9c73-e2d5da7b972b.jpg?impolicy=resizecrop&rw=350&rh=197,,,,,,,,
https://cdn.getyourguide.com/niwziy2l9cvz/1oEblbEpkYguwce6SoGi8Y/e918feb78a6f18f7e474f4b2d95a5d8c/new-york-East-River-State-Park-1500x850.jpg,,,,,,,,
http://www.thewondersoftheworld.net/images/empirestate3.jpg,,,,,,,,
https://www.newyorkcity.ca/wp-content/uploads/2018/09/RHM-Empire-State-Building.png,,,,,,,,
https://media.istockphoto.com/photos/empire-state-building-aerial-view-picture-id942537914,,,,,,,,
https://i2.wp.com/thetowerinfo.com/wp-content/uploads/2017/06/empire-state-building-observatory-nyc.jpg?fit=944%2C678&ssl=1,,,,,,,,
https://live.staticflickr.com/5621/31248669771_a3719c758c_b.jpg,,,,,,,,
http://www.abitare.it/wp-content/uploads/2017/10/05-EmpireState2_620.jpg,,,,,,,,
https://files1.structurae.de/files/photos/5256/2016-06-10/dsc06910.jpg,,,,,,,,
https://www.walksofnewyork.com/blog/wp-content/uploads/2011/10/ESB-600x800.jpg,,,,,,,,
https://www.volatour.com/wp-content/uploads/bb-plugin/cache/empire_state_bldg_landscape-1-landscape.jpg,,,,,,,,
https://i.pinimg.com/originals/52/d7/5e/52d75ec5a9e3405a5ed0478c71e83e4c.png,,,,,,,,
https://media.timeout.com/images/103910846/630/472/image.jpg,,,,,,,,
https://upload.wikimedia.org/wikipedia/commons/2/26/Empire_State_Building_at_Sunset%2C_New_York.jpg,,,,,,,,
https://fsmedia.imgix.net/b7/08/90/6c/8342/4b20/8352/8395aa4a8710/not-purple-for-prince.jpeg,,,,,,,,
https://chumley.barstoolsports.com/wp-content/uploads/2019/04/07/2b08b70ffc4478e1-822x617.png,,,,,,,,
https://images-na.ssl-images-amazon.com/images/I/51kWU%2B9hnWL._SX331_BO1,204,203,200_.jpg,,,,,
https://dropnite.com/images/0501-0510-8020.jpg,,,,,,,,
https://static01.nyt.com/images/blogs/greeninc/esbg.jpg,,,,,,,,
https://amp.businessinsider.com/images/519688ed6bb3f79367000005-1536-768.jpg,,,,,,,,
https://image-cdn.hypb.st/https%3A%2F%2Fhypebeast.com%2Fwp-content%2Fblogs.dir%2F6%2Ffiles%2F2017%2F04%2Fempire-state-building-fashion-show-projection-4.jpg?q=75&w=800&cbr=1&fit=max,,,,,,,,
https://i.ytimg.com/vi/eoYqQXEtn-Q/maxresdefault.jpg,,,,,,,,
https://concierge.newyorkpass.com/images/esb/banner-esb-premium.jpg,,,,,,,,
https://thumbnails.trvl-media.com/Bw5LFZvQ1LjNyQxQbZsmBwD5Ie0=/350x197/images.trvl-media.com/media/content/shared/images/travelguides/destination/178293/Empire-State-Building-88469.jpg,,,,,,,,
https://res.klook.com/image/upload/fl_lossy.progressive/q_auto/f_auto/c_fill/blogen/Emp-2.jpg,,,,,,,,
https://s3.amazonaws.com/adg-bucket/new-york-city-empire-state-building/1938-medium.jpg,,,,,,,,
https://c8.alamy.com/comp/T2AGR9/close-up-detail-manhattan-bridge-linking-brooklyn-new-york-framed-by-landmark-empire-state-building-and-the-skyline-T2AGR9.jpg,,,,,,,,
https://thenypost.files.wordpress.com/2018/11/181124-dumbo2.jpg?quality=90&strip=all&strip=all,,,,,,,,
https://previews.123rf.com/images/zak00/zak001402/zak00140200018/25669723-the-empire-state-building-view-from-street-level-in-new-york-usa.jpg,,,,,,,,
http://www.thephoblographer.com/wp-content/uploads/2013/04/KINGKONGESB83.jpg,,,,,,,,
https://imgc.allpostersimages.com/img/print/posters/philippe-hugonnard-window-view-special-series-empire-state-building-manhattan-new-york-united-states_a-G-10269498-4990623.jpg?w=894&h=671,,,,,,,,
https://www.americanbridge.net/wp-content/uploads/empire-state-building.jpg,,,,,,,,
https://www.metsawood.com/PublishingImages/PlanB/ESB/wooden-skyscraper-empire-state-building-structure.jpg?RenditionID=15,,,,,,,,
http://hyperallergic.com/wp-content/uploads/2015/08/getty-images-photo-by-grant-lamos-etc1.jpg,,,,,,,,
https://www.colorkinetics.com/content/dam/color-kinetics/showcases/empire-state-building/empire-state-building2_lg.jpg,,,,,,,,
https://c8.alamy.com/comp/F0R3FP/new-york-city-empire-state-building-at-sunset-F0R3FP.jpg,,,,,,,,
https://cdn.pixabay.com/photo/2017/05/13/11/42/empire-state-building-2309359_960_720.jpg,,,,,,,,
http://blog.vincentlaforet.com/wp-content/uploads/empire1.jpg,,,,,,,,
https://media.gettyimages.com/photos/new-york-empire-state-building-at-night-picture-id200126042-001,,,,,,,,
https://99percentinvisible.org/app/uploads/2014/01/f2910ebcc46a4d26e05c165225b3a8671.jpg,,,,,,,,
https://www.esbnyc.com/sites/default/files/styles/timely_content_image_small__442x295_/public/20190402_esb_observationdeck_jpg_003.jpg?itok=DiDsqBoN,,,,,,,,
https://boringparty.com/wp-content/uploads/2018/04/empire_state_building_night_2.jpg,,,,,,,,
https://www.nydailynews.com/resizer/_uIZz_VQv-1Q4HwM-8CRMDS-bhI=/800x0/arc-anglerfish-arc2-prod-tronc.s3.amazonaws.com/public/OMTHPVYR3CEYXAZJ7AMOPQOZXA.jpg,,,,,,,,
http://nextluxury.com/wp-content/uploads/mens-tattoos-empire-state-building.jpg,,,,,,,,
https://media.istockphoto.com/photos/empire-state-building-is-an-art-deco-skyscraper-in-midtown-manhattan-picture-id995950180,,,,,,,,
https://www.greenroofs.com/wp-content/uploads/2018/09/empire_state_21w2.jpg,,,,,,,,
https://imgs.6sqft.com/wp-content/uploads/2015/09/20145102/empire-state-building-print-lead.jpg,,,,,,,,
https://mir-s3-cdn-cf.behance.net/project_modules/disp/86792252140477.5906afd4bfcbe.gif,,,,,,,,
http://www.thecrownwings.com/wp-content/uploads/2019/02/View-from-Empire-State-Building-2-1440x962.jpg,,,,,,,,
http://www.seankenney.com/portfolio/empire_state_building/6.jpg,,,,,,,,
https://thenypost.files.wordpress.com/2015/07/empire_state_plane_crash_1945.jpg?quality=90&strip=all,,,,,,,,
https://loving-newyork.com/wp-content/uploads/2016/07/empire-state-building-view-night-160916135830002-1600x960.jpeg,,,,,,,,
https://farm8.staticflickr.com/7432/14139056476_a0290be16a_b.jpg,,,,,,,,
https://media.timeout.com/images/105228896/630/472/image.jpg,,,,,,,,
https://www.newyorkcity.ca/wp-content/uploads/2013/02/Empire-State-Building-Tickets-Flatiron-View.jpg,,,,,,,,
https://d1jqecz1iy566e.cloudfront.net/extralarge/wre004.jpg,,,,,,,,
https://cdn.getyourguide.com/img/location_img-3459-130820121-132.jpg,,,,,,,,
https://hdwallsource.com/img/2014/9/empire-state-building-pictures-30776-31499-hd-wallpapers.jpg,,,,,,,,
https://c8.alamy.com/comp/JRDY09/midtown-west-skyline-at-twilight-with-the-empire-state-building-and-JRDY09.jpg,,,,,,,,
https://www.nydailynews.com/resizer/s1OBbifkACc50EprRhe_LK4o5Z8=/fit-in/800x600/filters:fill(black)/arc-anglerfish-arc2-prod-tronc.s3.amazonaws.com/public/OOCUKZXOYBDXMQKQQKVL4VZ2XI.jpg,,,,,,,,
https://previews.123rf.com/images/beketoff/beketoff1510/beketoff151000053/46435797-the-empire-state-building-is-a-102-story-landmark-and-was-world-s-tallest-building-for-more-than-40-.jpg,,,,,,,,
https://cbsnews1.cbsistatic.com/hub/i/r/2016/04/30/7d71c70b-a8db-4a1a-8a8e-ae40f93ebe13/resize/620x465/943685b2c0b2f25002c8f8dc85e7c186/empire-state-building-moon-ap624185190012.jpg,,,,,,,,
https://media.gettyimages.com/photos/queensboro-bridge-manhattan-skyline-and-the-empire-state-building-picture-id102661852,,,,,,,,
https://www.metsawood.com/PublishingImages/PlanB/ESB/wooden-tall-building-height-esb-02.jpg?RenditionID=29,,,,,,,,
https://www.metsawood.com/PublishingImages/PlanB/ESB/empire-state-building-from-distance.jpg?RenditionID=5,,,,,,,,
https://c8.alamy.com/comp/CMDY0E/lightning-strikes-the-antenna-on-the-top-of-the-empire-state-building-CMDY0E.jpg,,,,,,,,
https://media.istockphoto.com/photos/empire-state-building-rises-beside-macys-picture-id1011493480,,,,,,,,
https://www.smartdestinations.com/blog/wp-content/uploads/2013/05/empire-state-building-lobby.jpg,,,,,,,,
https://c8.alamy.com/comp/PF17G7/the-empire-state-building-lit-up-at-night-as-fast-moving-clouds-stream-above-the-chelsea-neighborhood-of-new-york-city-PF17G7.jpg,,,,,,,,
https://hdwallsource.com/img/2014/9/empire-state-building-30770-31493-hd-wallpapers.jpg,,,,,,,,
https://www.new-york-city-travel-tips.com/wp-content/uploads/2015/05/Empire-State-Building-BPVNY-NYCTT-MPVNY-4.jpg,,,,,,,,
https://i.dailymail.co.uk/i/pix/2017/11/15/09/465E211E00000578-5084407-New_York_s_Empire_State_Building_has_lit_up_in_rainbow_colours_a-m-7_1510736802343.jpg,,,,,,,,
https://a.travel-assets.com/findyours-php/viewfinder/images/res60/20000/20023-Empire-State-Building.jpg,,,,,,,,
https://images-na.ssl-images-amazon.com/images/I/61AagNIIPLL._SX425_.jpg,,,,,,,,
https://media.gettyimages.com/photos/new-york-new-york-city-empire-state-building-and-skyline-picture-id988671-001,,,,,,,,
https://www.new-york-city-travel-tips.com/wp-content/uploads/2013/11/AVP1370-590x394.jpg,,,,,,,,
https://cdn.esbnyc.com/webstore/images/plu/AMPM-1.jpg,,,,,,,,
https://turningablindeye.files.wordpress.com/2011/11/ge_observation_esb.jpg,,,,,,,,
https://i.ytimg.com/vi/3XLjLx5fvsM/maxresdefault.jpg,,,,,,,,
https://cdn.getyourguide.com/niwziy2l9cvz/5fFFUN7oaIoyk8goomk22g/26ab39094f395e820010db8f97ae3986/new-york-Empire-State-Building-1500x850.jpg,,,,,,,,
https://media.istockphoto.com/photos/brazil-flag-against-the-background-of-empire-state-building-picture-id678752908,,,,,,,,
https://i.ytimg.com/vi/golKVznjYlQ/maxresdefault.jpg,,,,,,,,
https://imgc.allpostersimages.com/img/print/posters/henri-silberman-empire-state-building-new-york-view-from-23rd-street-and-broadway-afternoon_a-G-13147251-4988593.jpg?w=632&h=948,,,,,,,,
https://therealdeal.com/wp-content/uploads/2013/06/34-5thESB.gif,,,,,,,,
https://c8.alamy.com/comp/BT49PK/the-empire-state-building-and-midtown-manhattan-skyline-at-twilight-BT49PK.jpg,,,,,,,,
https://loving-newyork.com/wp-content/uploads/2016/01/Fifth-Avenue-Shopping-NYC-160923154714001.jpg,,,,,,,,
https://www.new-york-city-travel-tips.com/wp-content/uploads/2015/05/ticket-ESB-600x337-600x337.jpg,,,,,,,,
http://s1.lprs1.fr/images/2018/07/15/7821192_58e5e084-880d-11e8-b888-19b8baeda479-1_1000x625.jpg,,,,,,,,
https://a.travel-assets.com/findyours-php/viewfinder/images/res60/88000/88476-Empire-State-Building.jpg,,,,,,,,
https://c8.alamy.com/comp/DGWD2A/metropolis-sea-of-houses-view-from-the-empire-state-building-to-the-DGWD2A.jpg,,,,,,,,
https://media.gettyimages.com/photos/new-york-manhattan-cityscape-view-from-empire-state-building-picture-id200568326-001,,,,,,,,
https://cbsnews3.cbsistatic.com/hub/i/r/2016/04/30/e910e00d-8fbb-431d-b596-326a52cd2e51/resize/620x465/cedee19402279d43c25b7f67fa059403/empire-state-building-loc-06-spire.jpg,,,,,,,,
https://media.istockphoto.com/photos/empire-state-building-picture-id1005644394,,,,,,,,
https://cdn.pixabay.com/photo/2016/05/31/17/43/empire-state-building-1427457_960_720.jpg,,,,,,,,
https://www.esbnyc.com/sites/default/files/brs_2137.jpg,,,,,,,,
https://www.greenroofs.com/wp-content/uploads/2018/09/empire_state_21w1.jpg,,,,,,,,
https://i.ytimg.com/vi/AedpcyPRbp4/maxresdefault.jpg,,,,,,,,
https://cdn.esbnyc.com/webstore/images/plu/86sunriseview.jpg,,,,,,,,
https://media.istockphoto.com/photos/night-view-of-the-empire-state-building-and-manhattan-skyline-picture-id887009096,,,,,,,,
https://i.dailymail.co.uk/i/pix/2012/08/24/article-2193065-0D289FA900000578-990_634x424.jpg,,,,,,,,
https://www.new-york-city-travel-tips.com/wp-content/uploads/2013/11/DSC_2648-590x391.jpg,,,,,,,,
https://files.otis.com/otis/en/hk/contentimages/empire-state-building-sunset-two-1920x1080.jpg,,,,,,,,
https://i.ytimg.com/vi/VCdQMFfu0IA/maxresdefault.jpg,,,,,,,,
https://c8.alamy.com/comp/GD7W54/the-empire-state-building-is-a-102-story-landmark-art-deco-skyscraper-GD7W54.jpg,,,,,,,,
https://i.ytimg.com/vi/prxkUeyTgWk/maxresdefault.jpg,,,,,,,,
https://cbsnews2.cbsistatic.com/hub/i/r/2016/04/30/650f09af-5f6c-4e62-9c69-228de76c1c12/resize/620x465/f211c370a360e9f2d136c359dcbb18d5/empire-state-building-dirigible-ap310930026.jpg,,,,,,,,
https://media.istockphoto.com/photos/empire-state-building-picture-id528533721,,,,,,,,
https://cbsnews2.cbsistatic.com/hub/i/r/2016/04/30/07736a79-3f0e-4ac3-8f21-54f4af758fb6/resize/620x465/b17e4e2dafae768873712e74e14c174b/empire-state-building-fog-ap430818010.jpg,,,,,,,,
https://c8.alamy.com/comp/J6D5KY/the-empire-state-building-at-twilight-illuminated-in-green-light-new-J6D5KY.jpg,,,,,,,,
https://c8.alamy.com/comp/A98KP5/window-cleaners-perched-high-on-the-empire-state-building-manhattan-A98KP5.jpg,,,,,,,,
https://i.ytimg.com/vi/7FQNdo6IiEQ/hqdefault.jpg,,,,,,,,
https://media.istockphoto.com/photos/sketch-of-empire-state-building-picture-id637026484,,,,,,,,
https://cbsnews3.cbsistatic.com/hub/i/r/2016/04/30/a6ad4f7f-2b70-4c2e-a0f6-31f6ebf4e225/resize/620x465/efbd747ae4c191e66dbe6be4dc827304/empire-state-building-nypl-04-exterior-entrance.jpg,,,,,,,,
https://c8.alamy.com/comp/BGK320/new-york-empire-state-building-in-1930-BGK320.jpg,,,,,,,,
